video,video_name,label,frames_analyzed,AU01,AU02,AU04,AU05,AU06,AU07,AU09,AU10,AU11,AU12,AU14,AU15,AU17,AU20,AU23,AU24,AU25,AU26,AU28,AU43
RealLifeDeceptionDetection.2016\Real-life_Deception_Detection_2016\Clips\Deceptive\trial_lie_001.mp4,trial_lie_001.mp4,1,20,0.4908551573753357,0.3564560413360595,0.3073447048664093,0.3771010041236877,0.2007101029157638,0.1000000014901161,0.1943458169698715,0.0116277011111378,0.0,0.1604593396186828,0.4614791870117187,0.5050592422485352,0.4978365302085876,0.0,0.4995783269405365,0.5418395400047302,0.2260981053113937,0.0918512493371963,0.2219165563583374,0.0972788333892822
RealLifeDeceptionDetection.2016\Real-life_Deception_Detection_2016\Clips\Deceptive\trial_lie_002.mp4,trial_lie_002.mp4,1,20,0.4477044641971588,0.2392259538173675,0.2996821105480194,0.3485661447048187,0.3970750868320465,0.1500000059604644,0.3988288640975952,0.0180326588451862,0.2000000029802322,0.4866461157798767,0.5369860529899597,0.4248620569705963,0.413517564535141,0.1000000014901161,0.4722472727298736,0.4374042451381683,0.5732125043869019,0.1759607791900634,0.113499104976654,0.3005836606025696
RealLifeDeceptionDetection.2016\Real-life_Deception_Detection_2016\Clips\Deceptive\trial_lie_003.mp4,trial_lie_003.mp4,1,15,0.3928409218788147,0.2507975697517395,0.3849140703678131,0.3349651098251343,0.2487471103668213,0.1333333402872085,0.3356814980506897,0.0258652605116367,0.0,0.1802422404289245,0.737669050693512,0.6097080707550049,0.5590848326683044,0.0666666701436042,0.6293975710868835,0.6764581203460693,0.2257725745439529,0.1332802921533584,0.1425089091062545,0.1399481147527694
RealLifeDeceptionDetection.2016\Real-life_Deception_Detection_2016\Clips\Deceptive\trial_lie_004.mp4,trial_lie_004.mp4,1,20,0.4278811514377594,0.34213513135910034,0.37156960368156433,0.3660210072994232,0.39680367708206177,0.10000000149011612,0.3871970474720001,0.007183303590863943,0.15000000596046448,0.45338964462280273,0.6050857305526733,0.4177883267402649,0.40872353315353394,0.05000000074505806,0.43724218010902405,0.3787311911582947,0.550443708896637,0.14526022970676422,0.08000577986240387,0.42152053117752075
RealLifeDeceptionDetection.2016\Real-life_Deception_Detection_2016\Clips\Deceptive\trial_lie_005.mp4,trial_lie_005.mp4,1,20,0.4463310241699219,0.21296024322509766,0.3668991029262543,0.2893947660923004,0.3911990523338318,0.30000001192092896,0.41431117057800293,0.009967244230210781,0.05000000074505806,0.377734899520874,0.6401351690292358,0.5359874963760376,0.45585376024246216,0.20000000298023224,0.4581785202026367,0.46097126603126526,0.569892406463623,0.17436546087265015,0.08691494166851044,0.3418358266353607
RealLifeDeceptionDetection.2016\Real-life_Deception_Detection_2016\Clips\Deceptive\trial_lie_006.mp4,trial_lie_006.mp4,1,20,0.5466436147689819,0.37025776505470276,0.2266424000263214,0.35805046558380127,0.1899614781141281,0.05000000074505806,0.2248084992170334,0.011908884160220623,0.25,0.21269433200359344,0.4656588137149811,0.5115605592727661,0.49644899368286133,0.05000000074505806,0.5540357828140259,0.5570181608200073,0.2507251799106598,0.15686801075935364,0.12301729619503021,0.10993216186761856
RealLifeDeceptionDetection.2016\Real-life_Deception_Detection_2016\Clips\Deceptive\trial_lie_007.mp4,trial_lie_007.mp4,1,20,0.4337688386440277,0.3758126497268677,0.2243213951587677,0.33636435866355896,0.5488588809967041,0.15000000596046448,0.41462579369544983,0.2331276684999466,0.05000000074505806,0.5634082555770874,0.6242920756340027,0.5446328520774841,0.5882659554481506,0.05000000074505806,0.3581141233444214,0.6755467653274536,0.13553832471370697,0.14798720180988312,0.17975103855133057,0.24409985542297363
RealLifeDeceptionDetection.2016\Real-life_Deception_Detection_2016\Clips\Deceptive\trial_lie_008.mp4,trial_lie_008.mp4,1,15,0.38384053111076355,0.34138983488082886,0.19565056264400482,0.31365588307380676,0.6112638115882874,0.0,0.424441933631897,0.24941220879554749,0.5333333611488342,0.6284867525100708,0.6677880883216858,0.6445540189743042,0.5647832751274109,0.0,0.4062860608100891,0.6672288179397583,0.1316784918308258,0.11542448401451111,0.18938399851322174,0.23804476857185364
RealLifeDeceptionDetection.2016\Real-life_Deception_Detection_2016\Clips\Deceptive\trial_lie_009.mp4,trial_lie_009.mp4,1,25,0.45880717039108276,0.33743107318878174,0.20921668410301208,0.3304066061973572,0.41948431730270386,0.20000000298023224,0.3986050486564636,0.25558552145957947,0.2800000011920929,0.42374396324157715,0.5262154936790466,0.44354483485221863,0.5593569278717041,0.0,0.34284335374832153,0.5625156760215759,0.2644311189651489,0.13379855453968048,0.15149721503257751,0.20050306618213654
RealLifeDeceptionDetection.2016\Real-life_Deception_Detection_2016\Clips\Deceptive\trial_lie_010.mp4,trial_lie_010.mp4,1,68,0.37058520317077637,0.2694712281227112,0.30173930525779724,0.36724644899368286,0.3232066035270691,0.25,0.42072397470474243,0.06785128265619278,0.23529411852359772,0.24490664899349213,0.372832328081131,0.41345542669296265,0.48478996753692627,0.10294117778539658,0.4111427366733551,0.5108170509338379,0.3208131492137909,0.21332824230194092,0.16609758138656616,0.3300064504146576
RealLifeDeceptionDetection.2016\Real-life_Deception_Detection_2016\Clips\Deceptive\trial_lie_011.mp4,trial_lie_011.mp4,1,20,0.49035152792930603,0.4092932641506195,0.21372826397418976,0.3311183452606201,0.5916392803192139,0.25,0.3895346522331238,0.24414534866809845,0.20000000298023224,0.6968363523483276,0.6860705614089966,0.6413939595222473,0.551848292350769,0.10000000149011612,0.39395421743392944,0.6256943941116333,0.1641480028629303,0.17786791920661926,0.13072286546230316,0.17626185715198517
RealLifeDeceptionDetection.2016\Real-life_Deception_Detection_2016\Clips\Deceptive\trial_lie_012.mp4,trial_lie_012.mp4,1,16,0.33286982774734497,0.29343652725219727,0.258043110370636,0.3136146068572998,0.7050988674163818,0.5,0.488155722618103,0.3584102988243103,0.3125,0.723764181137085,0.7077131271362305,0.5904089212417603,0.6023226976394653,0.0625,0.35290586948394775,0.609130859375,0.30292367935180664,0.16236300766468048,0.22510352730751038,0.36971515417099
RealLifeDeceptionDetection.2016\Real-life_Deception_Detection_2016\Clips\Deceptive\trial_lie_013.mp4,trial_lie_013.mp4,1,20,0.4755256175994873,0.36605769395828247,0.2102959156036377,0.3427499234676361,0.5619069337844849,0.3499999940395355,0.38546088337898254,0.33917510509490967,0.05000000074505806,0.5537190437316895,0.5942749977111816,0.6037477254867554,0.5511302947998047,0.05000000074505806,0.35851171612739563,0.5952199101448059,0.24290570616722107,0.19468949735164642,0.1654158979654312,0.3599081337451935
RealLifeDeceptionDetection.2016\Real-life_Deception_Detection_2016\Clips\Deceptive\trial_lie_014.mp4,trial_lie_014.mp4,1,21,0.5190560221672058,0.3512194752693176,0.10593162477016449,0.38853010535240173,0.2061886042356491,0.190476194024086,0.2320975512266159,0.03976045176386833,0.2857142984867096,0.2926207184791565,0.40109983086586,0.3968910574913025,0.4470232129096985,0.095238097012043,0.3486618399620056,0.3427194058895111,0.44448262453079224,0.25805050134658813,0.1651068925857544,0.3197539746761322
RealLifeDeceptionDetection.2016\Real-life_Deception_Detection_2016\Clips\Deceptive\trial_lie_015.mp4,trial_lie_015.mp4,1,20,0.4564358592033386,0.26500824093818665,0.14449693262577057,0.31845933198928833,0.3213234543800354,0.10000000149011612,0.23647873103618622,0.011862869374454021,0.05000000074505806,0.30295613408088684,0.40418654680252075,0.477167546749115,0.5530823469161987,0.20000000298023224,0.558077871799469,0.5269981622695923,0.3783652186393738,0.23313169181346893,0.15282922983169556,0.22075554728507996
RealLifeDeceptionDetection.2016\Real-life_Deception_Detection_2016\Clips\Deceptive\trial_lie_016.mp4,trial_lie_016.mp4,1,20,0.4093385338783264,0.21819059550762177,0.1051989197731018,0.34963715076446533,0.25202423334121704,0.10000000149011612,0.2581770420074463,0.019034702330827713,0.25,0.22990140318870544,0.5250278115272522,0.5135672688484192,0.4802752137184143,0.15000000596046448,0.5035391449928284,0.38652804493904114,0.43984049558639526,0.26251107454299927,0.18662022054195404,0.23598699271678925
RealLifeDeceptionDetection.2016\Real-life_Deception_Detection_2016\Clips\Deceptive\trial_lie_017.mp4,trial_lie_017.mp4,1,24,0.49924764037132263,0.33590301871299744,0.18128521740436554,0.3428995609283447,0.20193247497081757,0.2083333283662796,0.20621521770954132,0.012460892088711262,0.1666666716337204,0.20812566578388214,0.39260515570640564,0.5050601363182068,0.5560318827629089,0.125,0.6006377339363098,0.45506182312965393,0.42677879333496094,0.26425185799598694,0.1629263013601303,0.19010816514492035
RealLifeDeceptionDetection.2016\Real-life_Deception_Detection_2016\Clips\Deceptive\trial_lie_018.mp4,trial_lie_018.mp4,1,20,0.46187448501586914,0.289679616689682,0.15380501747131348,0.3369986414909363,0.2511283755302429,0.10000000149011612,0.20755009353160858,0.007045552134513855,0.30000001192092896,0.2535950541496277,0.4023604989051819,0.5294944047927856,0.4990277886390686,0.20000000298023224,0.5298824906349182,0.3568156361579895,0.645391047000885,0.2989965081214905,0.1600424349308014,0.1464356929063797
RealLifeDeceptionDetection.2016\Real-life_Deception_Detection_2016\Clips\Deceptive\trial_lie_019.mp4,trial_lie_019.mp4,1,20,0.49739521741867065,0.2692878842353821,0.13500699400901794,0.3480471968650818,0.2921929955482483,0.20000000298023224,0.26583588123321533,0.03045995905995369,0.5,0.3284187912940979,0.5160113573074341,0.5043591856956482,0.5053821802139282,0.5,0.5535339117050171,0.29833850264549255,0.6940332055091858,0.39581945538520813,0.16871973872184753,0.18613146245479584
RealLifeDeceptionDetection.2016\Real-life_Deception_Detection_2016\Clips\Deceptive\trial_lie_020.mp4,trial_lie_020.mp4,1,21,0.5209256410598755,0.31202709674835205,0.19787579774856567,0.378393292427063,0.1765929013490677,0.190476194024086,0.18359406292438507,0.016398631036281586,0.1428571492433548,0.18293321132659912,0.32330796122550964,0.44796043634414673,0.5763978362083435,0.2380952388048172,0.601745069026947,0.38654837012290955,0.7635948657989502,0.36198681592941284,0.1756986826658249,0.17395664751529694
RealLifeDeceptionDetection.2016\Real-life_Deception_Detection_2016\Clips\Deceptive\trial_lie_021.mp4,trial_lie_021.mp4,1,25,0.5070838928222656,0.3036739230155945,0.23896189033985138,0.33301982283592224,0.19518326222896576,0.03999999910593033,0.24426516890525818,0.09351430833339691,0.4399999976158142,0.19313892722129822,0.31507250666618347,0.44095295667648315,0.4836832880973816,0.20000000298023224,0.4836929440498352,0.4356088936328888,0.5501837134361267,0.22803059220314026,0.14776678383350372,0.3451986312866211
RealLifeDeceptionDetection.2016\Real-life_Deception_Detection_2016\Clips\Deceptive\trial_lie_022.mp4,trial_lie_022.mp4,1,20,0.5876785516738892,0.308258980512619,0.201431006193161,0.3371419310569763,0.32497280836105347,0.0,0.2763776183128357,0.10932569205760956,0.30000001192092896,0.3361329436302185,0.5137985348701477,0.5086857080459595,0.5449826717376709,0.6000000238418579,0.5029454827308655,0.35777467489242554,0.6679747104644775,0.3045625388622284,0.12663385272026062,0.26434239745140076
RealLifeDeceptionDetection.2016\Real-life_Deception_Detection_2016\Clips\Deceptive\trial_lie_023.mp4,trial_lie_023.mp4,1,27,0.5782009959220886,0.33462265133857727,0.25941354036331177,0.328806072473526,0.22867856919765472,0.03703703731298447,0.2661616802215576,0.10918931663036346,0.48148149251937866,0.19241587817668915,0.4564360976219177,0.4749099314212799,0.541527509689331,0.2222222238779068,0.5585447549819946,0.46886616945266724,0.4300868511199951,0.29677867889404297,0.15812785923480988,0.27481159567832947
RealLifeDeceptionDetection.2016\Real-life_Deception_Detection_2016\Clips\Deceptive\trial_lie_024.mp4,trial_lie_024.mp4,1,29,0.4320659935474396,0.27710601687431335,0.22406770288944244,0.3377574682235718,0.2871062755584717,0.37931033968925476,0.31714993715286255,0.11746872961521149,0.24137930572032928,0.2745625972747803,0.3779439330101013,0.3845233917236328,0.4782426059246063,0.2068965584039688,0.41893067955970764,0.3705509901046753,0.572571337223053,0.24542561173439026,0.12435626238584518,0.5168682932853699
RealLifeDeceptionDetection.2016\Real-life_Deception_Detection_2016\Clips\Deceptive\trial_lie_025.mp4,trial_lie_025.mp4,1,26,0.5157703161239624,0.3642251193523407,0.14306308329105377,0.3458138108253479,0.2905135750770569,0.11538461595773697,0.25732892751693726,0.05384138599038124,0.23076923191547394,0.2926543354988098,0.41710421442985535,0.4378681480884552,0.41875120997428894,0.26923078298568726,0.42526325583457947,0.3632867932319641,0.5726512670516968,0.2903372347354889,0.1444324254989624,0.41142117977142334
RealLifeDeceptionDetection.2016\Real-life_Deception_Detection_2016\Clips\Deceptive\trial_lie_026.mp4,trial_lie_026.mp4,1,22,0.4402744472026825,0.3363147974014282,0.15240667760372162,0.3853403329849243,0.30271270871162415,0.22727273404598236,0.2832358777523041,0.0690217912197113,0.13636364042758942,0.394236296415329,0.44833239912986755,0.3610546290874481,0.4255315959453583,0.09090909361839294,0.3952927887439728,0.3470207452774048,0.40346357226371765,0.19774499535560608,0.14467975497245789,0.3380197584629059
RealLifeDeceptionDetection.2016\Real-life_Deception_Detection_2016\Clips\Deceptive\trial_lie_027.mp4,trial_lie_027.mp4,1,20,0.41985422372817993,0.3457275629043579,0.10003302991390228,0.34181809425354004,0.2668806314468384,0.05000000074505806,0.2195957601070404,0.018672849982976913,0.20000000298023224,0.27917712926864624,0.39515921473503113,0.5006611347198486,0.48839402198791504,0.3499999940395355,0.5349413156509399,0.34402820467948914,0.6203633546829224,0.339688241481781,0.10695388168096542,0.1800844669342041
RealLifeDeceptionDetection.2016\Real-life_Deception_Detection_2016\Clips\Deceptive\trial_lie_028.mp4,trial_lie_028.mp4,1,20,0.5720106959342957,0.32075977325439453,0.15348544716835022,0.3509286344051361,0.3100082278251648,0.05000000074505806,0.2854181230068207,0.09116965532302856,0.10000000149011612,0.30924099683761597,0.6074615120887756,0.5963351130485535,0.6037920117378235,0.44999998807907104,0.6312986016273499,0.4317179322242737,0.6294039487838745,0.3281174302101135,0.1364576816558838,0.13775017857551575
RealLifeDeceptionDetection.2016\Real-life_Deception_Detection_2016\Clips\Deceptive\trial_lie_029.mp4,trial_lie_029.mp4,1,24,0.46376919746398926,0.3210970461368561,0.15322063863277435,0.34751272201538086,0.1634768396615982,0.25,0.23425477743148804,0.009917533956468105,0.2916666567325592,0.14047397673130035,0.3651483952999115,0.5858920216560364,0.45444393157958984,0.0833333358168602,0.45419707894325256,0.32699307799339294,0.5399327278137207,0.2735021412372589,0.16003496944904327,0.2129189521074295
RealLifeDeceptionDetection.2016\Real-life_Deception_Detection_2016\Clips\Deceptive\trial_lie_030.mp4,trial_lie_030.mp4,1,20,0.5237274765968323,0.337554007768631,0.13159698247909546,0.32783836126327515,0.3435414731502533,0.05000000074505806,0.250044584274292,0.02700120583176613,0.30000001192092896,0.3718574643135071,0.4603775143623352,0.5330803990364075,0.5153113007545471,0.30000001192092896,0.450122207403183,0.40217041969299316,0.5132128596305847,0.3267117142677307,0.15089181065559387,0.157815083861351
RealLifeDeceptionDetection.2016\Real-life_Deception_Detection_2016\Clips\Deceptive\trial_lie_031.mp4,trial_lie_031.mp4,1,20,0.4617692530155182,0.2351026087999344,0.10185369104146957,0.3489306569099426,0.2841636836528778,0.05000000074505806,0.25932151079177856,0.0020014590118080378,0.44999998807907104,0.29023247957229614,0.5140222311019897,0.4990575909614563,0.5330414175987244,0.10000000149011612,0.5021942853927612,0.5310820937156677,0.2496555596590042,0.2014131098985672,0.22881603240966797,0.2756512761116028
RealLifeDeceptionDetection.2016\Real-life_Deception_Detection_2016\Clips\Deceptive\trial_lie_032.mp4,trial_lie_032.mp4,1,20,0.3758901357650757,0.2656087577342987,0.14610733091831207,0.3452204763889313,0.6230523586273193,0.550000011920929,0.4072674810886383,0.061693452298641205,0.25,0.6634840965270996,0.6377029418945312,0.37894386053085327,0.5157545804977417,0.20000000298023224,0.44374164938926697,0.4767710268497467,0.6635202169418335,0.18657198548316956,0.20462140440940857,0.4952980875968933
RealLifeDeceptionDetection.2016\Real-life_Deception_Detection_2016\Clips\Deceptive\trial_lie_033.mp4,trial_lie_033.mp4,1,20,0.4135161340236664,0.2422967255115509,0.3432369828224182,0.3936384916305542,0.3024033010005951,0.30000001192092896,0.2846882939338684,0.048944275826215744,0.800000011920929,0.23018638789653778,0.28733912110328674,0.5032490491867065,0.44531431794166565,0.15000000596046448,0.37472814321517944,0.3455938696861267,0.7740676403045654,0.4116588532924652,0.140099436044693,0.46887850761413574
RealLifeDeceptionDetection.2016\Real-life_Deception_Detection_2016\Clips\Deceptive\trial_lie_034.mp4,trial_lie_034.mp4,1,20,0.39577484130859375,0.46967148780822754,0.16084185242652893,0.3785247206687927,0.46115511655807495,0.15000000596046448,0.43667688965797424,0.0439840704202652,0.6000000238418579,0.6045383214950562,0.5103422999382019,0.381170392036438,0.4925038814544678,0.05000000074505806,0.24293434619903564,0.5092891454696655,0.21579504013061523,0.2623394727706909,0.06980964541435242,0.3552559018135071
RealLifeDeceptionDetection.2016\Real-life_Deception_Detection_2016\Clips\Deceptive\trial_lie_035.mp4,trial_lie_035.mp4,1,66,0.4052605926990509,0.2536969780921936,0.4119667410850525,0.3343764841556549,0.31451040506362915,0.19696970283985138,0.4116416871547699,0.045065462589263916,0.5909090638160706,0.2464701384305954,0.5037908554077148,0.429360032081604,0.4770370125770569,0.1666666716337204,0.37829867005348206,0.46028634905815125,0.442588210105896,0.208139568567276,0.184311643242836,0.5856716632843018
RealLifeDeceptionDetection.2016\Real-life_Deception_Detection_2016\Clips\Deceptive\trial_lie_036.mp4,trial_lie_036.mp4,1,20,0.590570867061615,0.31503933668136597,0.29501959681510925,0.33304932713508606,0.16703906655311584,0.05000000074505806,0.3195898234844208,0.04299391433596611,0.25,0.16270695626735687,0.2875441908836365,0.413708359003067,0.566676139831543,0.0,0.6077455282211304,0.5732777118682861,0.2512257695198059,0.24132177233695984,0.20656132698059082,0.6558545827865601
RealLifeDeceptionDetection.2016\Real-life_Deception_Detection_2016\Clips\Deceptive\trial_lie_037.mp4,trial_lie_037.mp4,1,20,0.3696715235710144,0.1985808163881302,0.20608636736869812,0.3113625943660736,0.4292127192020416,0.6000000238418579,0.2731603980064392,0.15386205911636353,0.6499999761581421,0.4238258898258209,0.4672633111476898,0.5632167458534241,0.41437625885009766,0.20000000298023224,0.4974915385246277,0.3074674904346466,0.7537721395492554,0.16460570693016052,0.2778235971927643,0.4152829051017761
RealLifeDeceptionDetection.2016\Real-life_Deception_Detection_2016\Clips\Deceptive\trial_lie_038.mp4,trial_lie_038.mp4,1,20,0.39792224764823914,0.190534770488739,0.1804663985967636,0.3066391050815582,0.36808958649635315,0.20000000298023224,0.30538052320480347,0.265714555978775,0.8500000238418579,0.47033920884132385,0.41629648208618164,0.5205875635147095,0.42831286787986755,0.10000000149011612,0.49106961488723755,0.37862369418144226,0.8077850341796875,0.18535320460796356,0.18851308524608612,0.5121678113937378
RealLifeDeceptionDetection.2016\Real-life_Deception_Detection_2016\Clips\Deceptive\trial_lie_039.mp4,trial_lie_039.mp4,1,20,0.3780480623245239,0.17324447631835938,0.20984184741973877,0.30044907331466675,0.3186621069908142,0.6000000238418579,0.30592453479766846,0.3433309495449066,1.0,0.3611847162246704,0.5553087592124939,0.7043485045433044,0.4411381781101227,0.0,0.5224347114562988,0.46128135919570923,0.487866073846817,0.13268102705478668,0.17062650620937347,0.4123152792453766
RealLifeDeceptionDetection.2016\Real-life_Deception_Detection_2016\Clips\Deceptive\trial_lie_040.mp4,trial_lie_040.mp4,1,20,0.4263722896575928,0.18447554111480713,0.22688238322734833,0.3088752031326294,0.3837355971336365,0.6499999761581421,0.28814786672592163,0.37422454357147217,0.8500000238418579,0.3970760107040405,0.5726109147071838,0.6286298036575317,0.363459050655365,0.0,0.43369588255882263,0.3672775626182556,0.5097979307174683,0.16717949509620667,0.21670277416706085,0.393757164478302
RealLifeDeceptionDetection.2016\Real-life_Deception_Detection_2016\Clips\Deceptive\trial_lie_041.mp4,trial_lie_041.mp4,1,18,0.5155730247497559,0.21074505150318146,0.38116270303726196,0.3289390206336975,0.3351718485355377,0.1666666716337204,0.6197523474693298,0.009411136619746685,0.1111111119389534,0.17434978485107422,0.6472158432006836,0.36111000180244446,0.42865145206451416,0.3333333432674408,0.5947582125663757,0.6429736018180847,0.170323446393013,0.08459281921386719,0.25633126497268677,0.2932802736759186
RealLifeDeceptionDetection.2016\Real-life_Deception_Detection_2016\Clips\Deceptive\trial_lie_042.mp4,trial_lie_042.mp4,1,20,0.29380589723587036,0.21477027237415314,0.4254809319972992,0.27377840876579285,0.36738795042037964,0.550000011920929,0.42067664861679077,0.5141716003417969,0.8500000238418579,0.2000419646501541,0.5253377556800842,0.34255796670913696,0.5116748809814453,0.5,0.34723642468452454,0.651588499546051,0.3859338164329529,0.12315861880779266,0.15174244344234467,0.5438889265060425
RealLifeDeceptionDetection.2016\Real-life_Deception_Detection_2016\Clips\Deceptive\trial_lie_043.mp4,trial_lie_043.mp4,1,19,0.3826482594013214,0.19376875460147858,0.4282829761505127,0.29077866673469543,0.20270615816116333,0.42105263471603394,0.3527677059173584,0.06494125723838806,0.3684210479259491,0.0736275240778923,0.32875826954841614,0.34498006105422974,0.45374369621276855,0.0,0.30314457416534424,0.41377249360084534,0.4168265461921692,0.2624207139015198,0.0994604304432869,0.6567786335945129
RealLifeDeceptionDetection.2016\Real-life_Deception_Detection_2016\Clips\Deceptive\trial_lie_044.mp4,trial_lie_044.mp4,1,29,0.42745620012283325,0.2624160647392273,0.37090083956718445,0.33434897661209106,0.5266066193580627,0.5862069129943848,0.4606158137321472,0.0811665803194046,0.48275861144065857,0.4743514955043793,0.6101492643356323,0.32693755626678467,0.5029555559158325,0.0,0.4507041871547699,0.41764017939567566,0.44452765583992004,0.10799570381641388,0.1433788686990738,0.3319365382194519
RealLifeDeceptionDetection.2016\Real-life_Deception_Detection_2016\Clips\Deceptive\trial_lie_045.mp4,trial_lie_045.mp4,1,61,0.4162397086620331,0.3105870187282562,0.5233891010284424,0.2946465313434601,0.39803576469421387,0.26229506731033325,0.5099491477012634,0.16797664761543274,0.5573770403862,0.36792314052581787,0.640748918056488,0.4344634711742401,0.47656339406967163,0.4590163826942444,0.44613611698150635,0.5568798780441284,0.1973608136177063,0.16746103763580322,0.3755652904510498,0.43320372700691223
RealLifeDeceptionDetection.2016\Real-life_Deception_Detection_2016\Clips\Deceptive\trial_lie_046.mp4,trial_lie_046.mp4,1,20,0.3807681202888489,0.14500486850738525,0.3455789089202881,0.28306880593299866,0.5911852121353149,0.6000000238418579,0.4555399417877197,0.21856281161308289,0.75,0.5757420063018799,0.6662436127662659,0.5573310256004333,0.5130714774131775,0.550000011920929,0.46403709053993225,0.5854389071464539,0.45418447256088257,0.19019488990306854,0.20856456458568573,0.5600065588951111
RealLifeDeceptionDetection.2016\Real-life_Deception_Detection_2016\Clips\Deceptive\trial_lie_047.mp4,trial_lie_047.mp4,1,20,0.41083234548568726,0.17878195643424988,0.4856775403022766,0.32415246963500977,0.3988017141819,0.15000000596046448,0.4361502528190613,0.1393243819475174,0.6499999761581421,0.3553364872932434,0.486406147480011,0.6084536910057068,0.4835110604763031,0.30000001192092896,0.3369746804237366,0.44775643944740295,0.32109394669532776,0.25203853845596313,0.13732321560382843,0.43493127822875977
RealLifeDeceptionDetection.2016\Real-life_Deception_Detection_2016\Clips\Deceptive\trial_lie_048.mp4,trial_lie_048.mp4,1,26,0.31401002407073975,0.20722904801368713,0.4552653729915619,0.3073607385158539,0.42080557346343994,0.23076923191547394,0.4426269829273224,0.08794012665748596,0.38461539149284363,0.3477938771247864,0.5678370594978333,0.4695230722427368,0.5491262674331665,0.23076923191547394,0.4591781198978424,0.5560165643692017,0.19815896451473236,0.19247236847877502,0.1572238802909851,0.5074878931045532
RealLifeDeceptionDetection.2016\Real-life_Deception_Detection_2016\Clips\Deceptive\trial_lie_049.mp4,trial_lie_049.mp4,1,20,0.3246777057647705,0.20540812611579895,0.3483702838420868,0.32519787549972534,0.3949447274208069,0.30000001192092896,0.38676828145980835,0.17582401633262634,0.44999998807907104,0.28200051188468933,0.5226655602455139,0.4462659955024719,0.49680036306381226,0.05000000074505806,0.3873111605644226,0.46780523657798767,0.39263105392456055,0.2232385128736496,0.11863193660974503,0.4026809632778168
RealLifeDeceptionDetection.2016\Real-life_Deception_Detection_2016\Clips\Deceptive\trial_lie_050.mp4,trial_lie_050.mp4,1,10,0.38773494958877563,0.24359552562236786,0.38224536180496216,0.3273167014122009,0.434742271900177,0.4000000059604645,0.4894391596317291,0.21243536472320557,0.699999988079071,0.32140499353408813,0.5435423851013184,0.4486221373081207,0.5616298913955688,0.30000001192092896,0.6303638219833374,0.6630848050117493,0.15593720972537994,0.10039450228214264,0.43764033913612366,0.6151944994926453
RealLifeDeceptionDetection.2016\Real-life_Deception_Detection_2016\Clips\Deceptive\trial_lie_051.mp4,trial_lie_051.mp4,1,22,0.4964790642261505,0.27464622259140015,0.5143523812294006,0.3399241268634796,0.23157253861427307,0.3181818127632141,0.45940858125686646,0.13278572261333466,0.5909090638160706,0.20973914861679077,0.3928104341030121,0.46265995502471924,0.5404041409492493,0.27272728085517883,0.5415109992027283,0.5730440616607666,0.3710949718952179,0.2567561864852905,0.19080333411693573,0.4873581826686859
RealLifeDeceptionDetection.2016\Real-life_Deception_Detection_2016\Clips\Deceptive\trial_lie_052.mp4,trial_lie_052.mp4,1,20,0.3311251699924469,0.23626184463500977,0.23180913925170898,0.3470180928707123,0.4165855348110199,0.30000001192092896,0.48585182428359985,0.23874537646770477,0.20000000298023224,0.4589487612247467,0.6050708889961243,0.4211583733558655,0.4769621789455414,0.10000000149011612,0.4340783953666687,0.4487181603908539,0.4301576018333435,0.10515739023685455,0.08843041211366653,0.5034820437431335
RealLifeDeceptionDetection.2016\Real-life_Deception_Detection_2016\Clips\Deceptive\trial_lie_053.mp4,trial_lie_053.mp4,1,13,0.4175390601158142,0.2926132380962372,0.5874395370483398,0.30171796679496765,0.30262595415115356,0.1538461595773697,0.40407970547676086,0.14336520433425903,0.3076923191547394,0.2296663373708725,0.4737163782119751,0.36707809567451477,0.45935457944869995,0.23076923191547394,0.516755223274231,0.5493069887161255,0.30322834849357605,0.14243903756141663,0.3181614279747009,0.533427357673645
RealLifeDeceptionDetection.2016\Real-life_Deception_Detection_2016\Clips\Deceptive\trial_lie_054.mp4,trial_lie_054.mp4,1,40,0.4782821238040924,0.3082142174243927,0.35924166440963745,0.3651241660118103,0.22788266837596893,0.10000000149011612,0.31049031019210815,0.07525695860385895,0.574999988079071,0.11838054656982422,0.24982647597789764,0.47939252853393555,0.49275240302085876,0.15000000596046448,0.4159638285636902,0.512302041053772,0.4105989336967468,0.266140878200531,0.17945249378681183,0.3762732148170471
RealLifeDeceptionDetection.2016\Real-life_Deception_Detection_2016\Clips\Deceptive\trial_lie_055.mp4,trial_lie_055.mp4,1,40,0.3133452534675598,0.22453828155994415,0.43785008788108826,0.3406144976615906,0.291113018989563,0.10000000149011612,0.45880216360092163,0.25057682394981384,0.7250000238418579,0.2845521569252014,0.52254718542099,0.3764898180961609,0.5213350057601929,0.05000000074505806,0.5443919897079468,0.6498916745185852,0.4496553838253021,0.07018011808395386,0.2503372132778168,0.3515155017375946
RealLifeDeceptionDetection.2016\Real-life_Deception_Detection_2016\Clips\Deceptive\trial_lie_056.mp4,trial_lie_056.mp4,1,56,0.4263552725315094,0.2398041933774948,0.41566595435142517,0.3454170227050781,0.2598811984062195,0.125,0.3920246958732605,0.061237744987010956,0.3928571343421936,0.16066500544548035,0.35006019473075867,0.5302831530570984,0.512843668460846,0.1607142835855484,0.3321905732154846,0.5439407229423523,0.1494360864162445,0.18947696685791016,0.15039832890033722,0.45351442694664
RealLifeDeceptionDetection.2016\Real-life_Deception_Detection_2016\Clips\Deceptive\trial_lie_057.mp4,trial_lie_057.mp4,1,30,0.5161272287368774,0.42031875252723694,0.2751065790653229,0.3659827411174774,0.18231377005577087,0.06666667014360428,0.23798175156116486,0.031954001635313034,0.800000011920929,0.10268380492925644,0.20483221113681793,0.3982529044151306,0.5216287970542908,0.20000000298023224,0.4374438226222992,0.5020541548728943,0.43755462765693665,0.25308099389076233,0.19676628708839417,0.3683868944644928
RealLifeDeceptionDetection.2016\Real-life_Deception_Detection_2016\Clips\Deceptive\trial_lie_058.mp4,trial_lie_058.mp4,1,20,0.28224849700927734,0.15267671644687653,0.44660305976867676,0.3042601943016052,0.24693937599658966,0.05000000074505806,0.32170459628105164,0.030631080269813538,1.0,0.13633993268013,0.6524549722671509,0.7741719484329224,0.4208056330680847,0.0,0.5336592793464661,0.7268663644790649,0.07799067348241806,0.10802416503429413,0.2510206699371338,0.2043808251619339
RealLifeDeceptionDetection.2016\Real-life_Deception_Detection_2016\Clips\Deceptive\trial_lie_059.mp4,trial_lie_059.mp4,1,20,0.29743069410324097,0.28489115834236145,0.293300062417984,0.29999595880508423,0.3943437933921814,0.10000000149011612,0.33359843492507935,0.2831396460533142,0.8500000238418579,0.2700287997722626,0.5045826435089111,0.5882810354232788,0.4665853977203369,0.05000000074505806,0.2897942364215851,0.5164487361907959,0.5307233929634094,0.21123230457305908,0.1878456026315689,0.6089032888412476
RealLifeDeceptionDetection.2016\Real-life_Deception_Detection_2016\Clips\Deceptive\trial_lie_060.mp4,trial_lie_060.mp4,1,29,0.48779645562171936,0.32360103726387024,0.4736681580543518,0.3335920572280884,0.2787824869155884,0.3103448152542114,0.43498367071151733,0.14698448777198792,0.6206896305084229,0.2365131974220276,0.4690045714378357,0.5089476108551025,0.542578399181366,0.06896551698446274,0.5040964484214783,0.5996798276901245,0.42320454120635986,0.21324700117111206,0.2032756805419922,0.32854124903678894
RealLifeDeceptionDetection.2016\Real-life_Deception_Detection_2016\Clips\Deceptive\trial_lie_061.mp4,trial_lie_061.mp4,1,20,0.3256872892379761,0.27288609743118286,0.26155388355255127,0.3161636292934418,0.20120184123516083,0.15000000596046448,0.3578101098537445,0.027003765106201172,0.05000000074505806,0.2036631554365158,0.5233023166656494,0.6104907393455505,0.5347433090209961,0.0,0.616891086101532,0.5881201028823853,0.148728609085083,0.11033087968826294,0.0641099140048027,0.13791315257549286
RealLifeDeceptionDetection.2016\Real-life_Deception_Detection_2016\Clips\Truthful\trial_truth_001.mp4,trial_truth_001.mp4,0,20,0.352241575717926,0.35315340757369995,0.11203533411026001,0.29408496618270874,0.4498666822910309,0.25,0.3647279739379883,0.057267725467681885,0.20000000298023224,0.599868655204773,0.6179581880569458,0.442556232213974,0.540378212928772,0.15000000596046448,0.5923345685005188,0.7295048236846924,0.2861030697822571,0.2097906768321991,0.6824785470962524,0.25384077429771423
RealLifeDeceptionDetection.2016\Real-life_Deception_Detection_2016\Clips\Truthful\trial_truth_002.mp4,trial_truth_002.mp4,0,20,0.4670630395412445,0.34468579292297363,0.19356988370418549,0.3489104211330414,0.39865392446517944,0.20000000298023224,0.42704683542251587,0.0481572151184082,0.05000000074505806,0.38849127292633057,0.6148930788040161,0.31433218717575073,0.3724724352359772,0.10000000149011612,0.2815874516963959,0.31234660744667053,0.4932660162448883,0.2337239682674408,0.10519859939813614,0.2011624574661255
RealLifeDeceptionDetection.2016\Real-life_Deception_Detection_2016\Clips\Truthful\trial_truth_003.mp4,trial_truth_003.mp4,0,20,0.45124873518943787,0.4012656807899475,0.19767481088638306,0.33591264486312866,0.5899778604507446,0.5,0.3542032837867737,0.24613647162914276,0.44999998807907104,0.679369330406189,0.6492924094200134,0.7041662931442261,0.6012219190597534,0.10000000149011612,0.3692342936992645,0.7162472009658813,0.08486147969961166,0.15053293108940125,0.20370474457740784,0.18030503392219543
RealLifeDeceptionDetection.2016\Real-life_Deception_Detection_2016\Clips\Truthful\trial_truth_004.mp4,trial_truth_004.mp4,0,20,0.41494259238243103,0.29358384013175964,0.2780380845069885,0.3203137516975403,0.5770633220672607,0.44999998807907104,0.41401514410972595,0.22208425402641296,0.25,0.5480669140815735,0.5333301424980164,0.631590723991394,0.5506967306137085,0.05000000074505806,0.3750881850719452,0.6409159302711487,0.2161678820848465,0.19431181252002716,0.1581995040178299,0.45874547958374023
RealLifeDeceptionDetection.2016\Real-life_Deception_Detection_2016\Clips\Truthful\trial_truth_005.mp4,trial_truth_005.mp4,0,20,0.44044846296310425,0.3476879298686981,0.24708600342273712,0.32468289136886597,0.4933083951473236,0.30000001192092896,0.38721081614494324,0.1755080223083496,0.25,0.4869387745857239,0.5741221904754639,0.5347092747688293,0.5117381811141968,0.05000000074505806,0.34219488501548767,0.4701635241508484,0.42081135511398315,0.19855359196662903,0.1507592648267746,0.2821543514728546
RealLifeDeceptionDetection.2016\Real-life_Deception_Detection_2016\Clips\Truthful\trial_truth_006.mp4,trial_truth_006.mp4,0,56,0.36556345224380493,0.2671236991882324,0.2791418731212616,0.3601335883140564,0.34717151522636414,0.4464285671710968,0.3809678256511688,0.12987497448921204,0.3928571343421936,0.25765928626060486,0.38933858275413513,0.40309953689575195,0.5273151397705078,0.1071428582072258,0.4589865803718567,0.531589925289154,0.2165776640176773,0.16061946749687195,0.1765560805797577,0.4564535915851593
RealLifeDeceptionDetection.2016\Real-life_Deception_Detection_2016\Clips\Truthful\trial_truth_007.mp4,trial_truth_007.mp4,0,20,0.5131286382675171,0.3767431676387787,0.26037243008613586,0.35625648498535156,0.422241747379303,0.15000000596046448,0.47247129678726196,0.36514371633529663,0.44999998807907104,0.4885639548301697,0.6061559319496155,0.7182078957557678,0.45888346433639526,0.10000000149011612,0.35467541217803955,0.6180028915405273,0.32568520307540894,0.16802135109901428,0.1372266709804535,0.1851321905851364
RealLifeDeceptionDetection.2016\Real-life_Deception_Detection_2016\Clips\Truthful\trial_truth_008.mp4,trial_truth_008.mp4,0,37,0.4345722794532776,0.2993936240673065,0.3102427124977112,0.33443140983581543,0.3293617069721222,0.18918919563293457,0.36825406551361084,0.09628535062074661,0.6486486196517944,0.3144429922103882,0.43541237711906433,0.4348752200603485,0.5347708463668823,0.0810810774564743,0.5071691274642944,0.5037629008293152,0.4108460545539856,0.265972763299942,0.18376705050468445,0.48010531067848206
RealLifeDeceptionDetection.2016\Real-life_Deception_Detection_2016\Clips\Truthful\trial_truth_009.mp4,trial_truth_009.mp4,0,46,0.47741103172302246,0.31341734528541565,0.32219967246055603,0.3365478515625,0.32976603507995605,0.10869564861059189,0.32804200053215027,0.11027185618877411,0.6086956262588501,0.2675875723361969,0.43766072392463684,0.43486297130584717,0.511370062828064,0.10869564861059189,0.48742032051086426,0.5522940158843994,0.35114893317222595,0.1807950735092163,0.16437454521656036,0.4367370903491974
RealLifeDeceptionDetection.2016\Real-life_Deception_Detection_2016\Clips\Truthful\trial_truth_010.mp4,trial_truth_010.mp4,0,40,0.42463502287864685,0.17293021082878113,0.47060543298721313,0.32200026512145996,0.2374635636806488,0.10000000149011612,0.27415212988853455,0.06968600302934647,0.949999988079071,0.21666069328784943,0.33125966787338257,0.4879428744316101,0.46627673506736755,0.0,0.40799444913864136,0.5472313165664673,0.20614643394947052,0.25567805767059326,0.20682494342327118,0.5926961898803711
RealLifeDeceptionDetection.2016\Real-life_Deception_Detection_2016\Clips\Truthful\trial_truth_011.mp4,trial_truth_011.mp4,0,40,0.4581875801086426,0.28315043449401855,0.3758462965488434,0.33579888939857483,0.28118014335632324,0.125,0.2742391526699066,0.08685018867254257,0.8999999761581421,0.21807880699634552,0.41257065534591675,0.49034228920936584,0.5037471055984497,0.02500000037252903,0.4584318995475769,0.5488954782485962,0.3074193596839905,0.29524165391921997,0.1444280594587326,0.5781768560409546
RealLifeDeceptionDetection.2016\Real-life_Deception_Detection_2016\Clips\Truthful\trial_truth_012.mp4,trial_truth_012.mp4,0,40,0.500845730304718,0.34073907136917114,0.23711328208446503,0.3311910629272461,0.2616286873817444,0.02500000037252903,0.24655520915985107,0.12892788648605347,0.824999988079071,0.17759504914283752,0.47098904848098755,0.450920432806015,0.46989670395851135,0.05000000074505806,0.47838693857192993,0.5889360904693604,0.0866098627448082,0.17216868698596954,0.15141434967517853,0.3618347942829132
RealLifeDeceptionDetection.2016\Real-life_Deception_Detection_2016\Clips\Truthful\trial_truth_013.mp4,trial_truth_013.mp4,0,40,0.4549137055873871,0.2031668722629547,0.4453781545162201,0.3363580107688904,0.2464282512664795,0.07500000298023224,0.3023374676704407,0.07492964714765549,0.949999988079071,0.2134840190410614,0.3588242530822754,0.48833924531936646,0.45456498861312866,0.0,0.4468355178833008,0.5164453387260437,0.2231059968471527,0.26809531450271606,0.17730414867401123,0.5966997742652893
RealLifeDeceptionDetection.2016\Real-life_Deception_Detection_2016\Clips\Truthful\trial_truth_014.mp4,trial_truth_014.mp4,0,40,0.49414247274398804,0.3362385630607605,0.3310960829257965,0.32227224111557007,0.32800227403640747,0.10000000149011612,0.2879067659378052,0.10815813392400742,0.625,0.31364256143569946,0.5027894973754883,0.4481872022151947,0.5211957097053528,0.10000000149011612,0.36743244528770447,0.533888041973114,0.3684477210044861,0.3237082064151764,0.174505814909935,0.49689754843711853
RealLifeDeceptionDetection.2016\Real-life_Deception_Detection_2016\Clips\Truthful\trial_truth_015.mp4,trial_truth_015.mp4,0,30,0.3944803476333618,0.28691917657852173,0.19776445627212524,0.3502408266067505,0.569760262966156,0.1666666716337204,0.34155553579330444,0.10488194972276688,0.7333333492279053,0.5475047826766968,0.4766958951950073,0.597222089767456,0.5181266069412231,0.03333333507180214,0.5135867595672607,0.5499879717826843,0.17266973853111267,0.1962101310491562,0.17994080483913422,0.5860509872436523
RealLifeDeceptionDetection.2016\Real-life_Deception_Detection_2016\Clips\Truthful\trial_truth_016.mp4,trial_truth_016.mp4,0,13,0.5058188438415527,0.24262912571430206,0.3493436276912689,0.3015076518058777,0.2996201813220978,0.1538461595773697,0.4422154724597931,0.019158106297254562,0.07692307978868484,0.2885328531265259,0.39306777715682983,0.44281715154647827,0.5513712167739868,0.1538461595773697,0.5536795258522034,0.605920135974884,0.550723135471344,0.21891576051712036,0.17049333453178406,0.6192821264266968
RealLifeDeceptionDetection.2016\Real-life_Deception_Detection_2016\Clips\Truthful\trial_truth_017.mp4,trial_truth_017.mp4,0,8,0.49022799730300903,0.20181696116924286,0.5457143783569336,0.2797982692718506,0.29073214530944824,0.625,0.511515736579895,0.023087019100785255,0.5,0.23075489699840546,0.39580467343330383,0.3390147089958191,0.48228079080581665,0.75,0.5673537850379944,0.518902063369751,0.6677596569061279,0.22933554649353027,0.1748979538679123,0.6474213600158691
RealLifeDeceptionDetection.2016\Real-life_Deception_Detection_2016\Clips\Truthful\trial_truth_018.mp4,trial_truth_018.mp4,0,12,0.30412039160728455,0.20065326988697052,0.5611549615859985,0.27156808972358704,0.520658552646637,0.3333333432674408,0.4417437016963959,0.3287395238876343,0.9166666865348816,0.46274662017822266,0.5279108881950378,0.5334672927856445,0.6172918677330017,0.0833333358168602,0.5335822701454163,0.8614041805267334,0.017219940200448036,0.13530460000038147,0.43211063742637634,0.6421961188316345
RealLifeDeceptionDetection.2016\Real-life_Deception_Detection_2016\Clips\Truthful\trial_truth_019.mp4,trial_truth_019.mp4,0,20,0.2519727349281311,0.16484706103801727,0.5488948225975037,0.2576347887516022,0.4648224413394928,0.3499999940395355,0.44492021203041077,0.15384134650230408,0.3499999940395355,0.4472511410713196,0.629855751991272,0.8389546275138855,0.5219403505325317,0.0,0.5773126482963562,0.8341854810714722,0.031234636902809143,0.15484794974327087,0.41229549050331116,0.6980071663856506
RealLifeDeceptionDetection.2016\Real-life_Deception_Detection_2016\Clips\Truthful\trial_truth_020.mp4,trial_truth_020.mp4,0,12,0.38707980513572693,0.23591671884059906,0.3593178689479828,0.28365805745124817,0.6017948985099792,0.75,0.5469112396240234,0.36563095450401306,0.4166666567325592,0.6323952078819275,0.5372015833854675,0.3380981385707855,0.5152068138122559,0.1666666716337204,0.3564814031124115,0.5635200142860413,0.10550590604543686,0.05877905711531639,0.25433093309402466,0.6006878018379211
RealLifeDeceptionDetection.2016\Real-life_Deception_Detection_2016\Clips\Truthful\trial_truth_021.mp4,trial_truth_021.mp4,0,18,0.5900982618331909,0.37608516216278076,0.35557952523231506,0.25034841895103455,0.4247201085090637,0.3888888955116272,0.3417828381061554,0.12826146185398102,0.9444444179534912,0.35921698808670044,0.5393579602241516,0.31354060769081116,0.5074231624603271,0.1666666716337204,0.34149807691574097,0.462851881980896,0.7939686179161072,0.3373478651046753,0.08565200120210648,0.3915022611618042
RealLifeDeceptionDetection.2016\Real-life_Deception_Detection_2016\Clips\Truthful\trial_truth_022.mp4,trial_truth_022.mp4,0,20,0.2567990720272064,0.15485884249210358,0.34424081444740295,0.2779732048511505,0.8003772497177124,0.5,0.5875460505485535,0.04350479692220688,0.30000001192092896,0.8361705541610718,0.5441282987594604,0.38107144832611084,0.546691358089447,0.05000000074505806,0.4714542329311371,0.419402539730072,0.4389071464538574,0.12939901649951935,0.06067511439323425,0.6172667145729065
RealLifeDeceptionDetection.2016\Real-life_Deception_Detection_2016\Clips\Truthful\trial_truth_023.mp4,trial_truth_023.mp4,0,20,0.5023887753486633,0.36441439390182495,0.22639267146587372,0.28137803077697754,0.4859042763710022,0.05000000074505806,0.41868361830711365,0.4056515097618103,0.8999999761581421,0.5536668300628662,0.5533508062362671,0.6375923156738281,0.4349343776702881,0.0,0.39603596925735474,0.5698538422584534,0.5961812734603882,0.17362885177135468,0.21228332817554474,0.5892642140388489
RealLifeDeceptionDetection.2016\Real-life_Deception_Detection_2016\Clips\Truthful\trial_truth_024.mp4,trial_truth_024.mp4,0,20,0.5705419182777405,0.39700907468795776,0.21381309628486633,0.3085266947746277,0.34236717224121094,0.5,0.29902762174606323,0.133683979511261,0.75,0.36058786511421204,0.45240792632102966,0.651213526725769,0.5429226160049438,0.0,0.3503344655036926,0.7547839879989624,0.027080485597252846,0.13386951386928558,0.10495670884847641,0.21847133338451385
RealLifeDeceptionDetection.2016\Real-life_Deception_Detection_2016\Clips\Truthful\trial_truth_025.mp4,trial_truth_025.mp4,0,20,0.4661370813846588,0.30595383048057556,0.2144557684659958,0.28053194284439087,0.3546977639198303,0.699999988079071,0.31222209334373474,0.3265827000141144,0.6000000238418579,0.33565032482147217,0.4771878123283386,0.5267145037651062,0.5155655145645142,0.0,0.4372619092464447,0.6874164342880249,0.013875769451260567,0.112856425344944,0.23054535686969757,0.42147451639175415
RealLifeDeceptionDetection.2016\Real-life_Deception_Detection_2016\Clips\Truthful\trial_truth_026.mp4,trial_truth_026.mp4,0,43,0.41413843631744385,0.27939891815185547,0.3780432343482971,0.33708295226097107,0.30186960101127625,0.4883720874786377,0.34488436579704285,0.10085439682006836,0.8372092843055725,0.29263395071029663,0.40128928422927856,0.5904986262321472,0.45077940821647644,0.11627907305955887,0.411194384098053,0.4472986161708832,0.4444786310195923,0.23196496069431305,0.14341099560260773,0.4095922112464905
RealLifeDeceptionDetection.2016\Real-life_Deception_Detection_2016\Clips\Truthful\trial_truth_027.mp4,trial_truth_027.mp4,0,20,0.2650876045227051,0.19972281157970428,0.13276764750480652,0.37491315603256226,0.4596710801124573,0.6499999761581421,0.4473196566104889,0.040924303233623505,0.10000000149011612,0.5730504989624023,0.594307005405426,0.4093712270259857,0.4923013746738434,0.05000000074505806,0.40502792596817017,0.4655967652797699,0.3104669451713562,0.069556325674057,0.20420856773853302,0.43399468064308167
RealLifeDeceptionDetection.2016\Real-life_Deception_Detection_2016\Clips\Truthful\trial_truth_028.mp4,trial_truth_028.mp4,0,20,0.3933064937591553,0.1828046292066574,0.3736727833747864,0.3271012306213379,0.32910972833633423,0.10000000149011612,0.3958662152290344,0.09735117107629776,0.3499999940395355,0.31219542026519775,0.4512978494167328,0.412914901971817,0.5638721585273743,0.5,0.4701899588108063,0.5324031114578247,0.38735610246658325,0.244968980550766,0.11134620755910873,0.24954108893871307
RealLifeDeceptionDetection.2016\Real-life_Deception_Detection_2016\Clips\Truthful\trial_truth_029.mp4,trial_truth_029.mp4,0,20,0.3929744362831116,0.30725035071372986,0.22283749282360077,0.2843514084815979,0.40936312079429626,0.6000000238418579,0.35886505246162415,0.12246520817279816,0.3499999940395355,0.44483813643455505,0.5162292718887329,0.5567653179168701,0.504561722278595,0.05000000074505806,0.4777638912200928,0.5637417435646057,0.44005078077316284,0.15157705545425415,0.31326383352279663,0.6986330151557922
RealLifeDeceptionDetection.2016\Real-life_Deception_Detection_2016\Clips\Truthful\trial_truth_030.mp4,trial_truth_030.mp4,0,20,0.375887930393219,0.2715216279029846,0.6899017691612244,0.31792163848876953,0.4354094862937927,0.5,0.4698612093925476,0.11051256954669952,0.20000000298023224,0.24085493385791779,0.40770235657691956,0.8142600059509277,0.495669424533844,0.0,0.31837567687034607,0.7177256345748901,0.21165809035301208,0.20371191203594208,0.21651434898376465,0.5714231729507446
RealLifeDeceptionDetection.2016\Real-life_Deception_Detection_2016\Clips\Truthful\trial_truth_031.mp4,trial_truth_031.mp4,0,20,0.3794361650943756,0.25527241826057434,0.14871558547019958,0.2838786244392395,0.3845376670360565,0.15000000596046448,0.3077876567840576,0.08589969575405121,0.8999999761581421,0.36280056834220886,0.3490716218948364,0.5940660834312439,0.4721316397190094,0.05000000074505806,0.42444950342178345,0.5253832340240479,0.6155158281326294,0.26375794410705566,0.12989450991153717,0.4724043011665344
RealLifeDeceptionDetection.2016\Real-life_Deception_Detection_2016\Clips\Truthful\trial_truth_032.mp4,trial_truth_032.mp4,0,20,0.39487510919570923,0.10790274292230606,0.3330863118171692,0.3367935121059418,0.36362603306770325,0.44999998807907104,0.32718753814697266,0.08415092527866364,0.5,0.24601547420024872,0.5505779981613159,0.5683184266090393,0.5026586651802063,0.05000000074505806,0.3774353563785553,0.4950418472290039,0.5093782544136047,0.3177874684333801,0.22668106853961945,0.312285840511322
RealLifeDeceptionDetection.2016\Real-life_Deception_Detection_2016\Clips\Truthful\trial_truth_033.mp4,trial_truth_033.mp4,0,20,0.2921457886695862,0.2017180174589157,0.2755430042743683,0.2871740460395813,0.43668240308761597,0.30000001192092896,0.3298793435096741,0.38750898838043213,0.05000000074505806,0.4361344873905182,0.6045095324516296,0.6056863069534302,0.5228098630905151,0.05000000074505806,0.6116958856582642,0.5894756317138672,0.4294077754020691,0.1042526513338089,0.23963356018066406,0.3916092813014984
RealLifeDeceptionDetection.2016\Real-life_Deception_Detection_2016\Clips\Truthful\trial_truth_034.mp4,trial_truth_034.mp4,0,20,0.3128621280193329,0.20530137419700623,0.2035110741853714,0.2723742723464966,0.5206369161605835,0.550000011920929,0.3538053631782532,0.39461907744407654,0.10000000149011612,0.517598569393158,0.7148650288581848,0.6351186037063599,0.5288335084915161,0.05000000074505806,0.6006978154182434,0.6126006841659546,0.4071267545223236,0.10219460725784302,0.20964260399341583,0.4429732859134674
RealLifeDeceptionDetection.2016\Real-life_Deception_Detection_2016\Clips\Truthful\trial_truth_035.mp4,trial_truth_035.mp4,0,20,0.34622126817703247,0.17974823713302612,0.3092072010040283,0.32167118787765503,0.552975058555603,0.05000000074505806,0.40768709778785706,0.17615877091884613,0.8999999761581421,0.6186203956604004,0.5419999957084656,0.36026424169540405,0.38754647970199585,0.15000000596046448,0.31804385781288147,0.3825576603412628,0.6593224406242371,0.1849404275417328,0.16061091423034668,0.2985974848270416
RealLifeDeceptionDetection.2016\Real-life_Deception_Detection_2016\Clips\Truthful\trial_truth_036.mp4,trial_truth_036.mp4,0,20,0.35240501165390015,0.17396414279937744,0.383053719997406,0.3041565716266632,0.4853527545928955,0.30000001192092896,0.37957653403282166,0.19994403421878815,0.8500000238418579,0.5195687413215637,0.5143662095069885,0.3634481728076935,0.3549388647079468,0.4000000059604645,0.3184405565261841,0.29009267687797546,0.8980568051338196,0.2285635769367218,0.12049128860235214,0.3639312982559204
RealLifeDeceptionDetection.2016\Real-life_Deception_Detection_2016\Clips\Truthful\trial_truth_037.mp4,trial_truth_037.mp4,0,20,0.34522056579589844,0.2748076915740967,0.4853966236114502,0.29047366976737976,0.6132231950759888,0.4000000059604645,0.6376603841781616,0.32503095269203186,0.30000001192092896,0.6322177052497864,0.6060579419136047,0.46607574820518494,0.5323798656463623,0.0,0.4341921806335449,0.5793163180351257,0.17448565363883972,0.0784730538725853,0.3761141896247864,0.5222943425178528
RealLifeDeceptionDetection.2016\Real-life_Deception_Detection_2016\Clips\Truthful\trial_truth_038.mp4,trial_truth_038.mp4,0,20,0.3343749940395355,0.35273492336273193,0.40218132734298706,0.2878269851207733,0.44681209325790405,0.10000000149011612,0.4594939351081848,0.21154575049877167,0.6000000238418579,0.34056299924850464,0.4641442894935608,0.27932459115982056,0.48769158124923706,0.3499999940395355,0.33351248502731323,0.500752329826355,0.6707342863082886,0.18939261138439178,0.19004368782043457,0.3245864510536194
RealLifeDeceptionDetection.2016\Real-life_Deception_Detection_2016\Clips\Truthful\trial_truth_039.mp4,trial_truth_039.mp4,0,21,0.40936174988746643,0.34893059730529785,0.08246061950922012,0.4160152077674866,0.33641332387924194,0.0476190485060215,0.2799510359764099,0.0768989697098732,0.095238097012043,0.4000858962535858,0.4881649911403656,0.41740670800209045,0.48011651635169983,0.0,0.39817729592323303,0.5546358823776245,0.29987940192222595,0.146746426820755,0.10192426294088364,0.22446228563785553
RealLifeDeceptionDetection.2016\Real-life_Deception_Detection_2016\Clips\Truthful\trial_truth_040.mp4,trial_truth_040.mp4,0,20,0.3312057554721832,0.17847032845020294,0.24550405144691467,0.3654443621635437,0.23111335933208466,0.05000000074505806,0.36786627769470215,0.04257955402135849,0.15000000596046448,0.11075065284967422,0.4576510787010193,0.5622578263282776,0.4197978079319,0.0,0.4446764886379242,0.4843091368675232,0.060224730521440506,0.12662139534950256,0.18254506587982178,0.8044145703315735
RealLifeDeceptionDetection.2016\Real-life_Deception_Detection_2016\Clips\Truthful\trial_truth_041.mp4,trial_truth_041.mp4,0,22,0.3909229040145874,0.23913246393203735,0.5370751023292542,0.33185091614723206,0.17372065782546997,0.27272728085517883,0.2763141095638275,0.12606248259544373,0.7727272510528564,0.05254407972097397,0.29119908809661865,0.42241400480270386,0.47100889682769775,0.22727273404598236,0.49660512804985046,0.602423906326294,0.2508973777294159,0.13231982290744781,0.32493674755096436,0.444114089012146
RealLifeDeceptionDetection.2016\Real-life_Deception_Detection_2016\Clips\Truthful\trial_truth_042.mp4,trial_truth_042.mp4,0,21,0.3132222890853882,0.16142909228801727,0.4904509484767914,0.371587336063385,0.1527062952518463,0.523809552192688,0.21607403457164764,0.06783846020698547,0.4761904776096344,0.0761309266090393,0.44137340784072876,0.33664512634277344,0.3995344042778015,0.095238097012043,0.48272377252578735,0.5028805732727051,0.2759423553943634,0.20155294239521027,0.22217556834220886,0.10658565163612366
RealLifeDeceptionDetection.2016\Real-life_Deception_Detection_2016\Clips\Truthful\trial_truth_043.mp4,trial_truth_043.mp4,0,15,0.3507431447505951,0.16617675125598907,0.3789892792701721,0.28477561473846436,0.3385697305202484,0.5333333611488342,0.3368275761604309,0.08240853995084763,0.7333333492279053,0.23672093451023102,0.28989002108573914,0.31948477029800415,0.37920981645584106,0.13333334028720856,0.3614875376224518,0.3269175589084625,0.7625735998153687,0.21939346194267273,0.08583693206310272,0.6347365975379944
RealLifeDeceptionDetection.2016\Real-life_Deception_Detection_2016\Clips\Truthful\trial_truth_044.mp4,trial_truth_044.mp4,0,14,0.3694020211696625,0.21189384162425995,0.21873271465301514,0.3563939929008484,0.22403578460216522,0.0714285746216774,0.235904261469841,0.018041301518678665,0.2142857164144516,0.18285469710826874,0.39240938425064087,0.29824066162109375,0.48019951581954956,0.0714285746216774,0.5060493350028992,0.46283525228500366,0.35416075587272644,0.1673070192337036,0.15292255580425262,0.16363351047039032
RealLifeDeceptionDetection.2016\Real-life_Deception_Detection_2016\Clips\Truthful\trial_truth_045.mp4,trial_truth_045.mp4,0,20,0.3391191065311432,0.23010528087615967,0.31470927596092224,0.4010380804538727,0.4177786409854889,0.20000000298023224,0.4970579147338867,0.018619012087583542,0.3499999940395355,0.36520203948020935,0.524091899394989,0.20691625773906708,0.5343186855316162,0.05000000074505806,0.4452994763851166,0.4985186457633972,0.245713472366333,0.21871265769004822,0.1398976445198059,0.3427848815917969
RealLifeDeceptionDetection.2016\Real-life_Deception_Detection_2016\Clips\Truthful\trial_truth_046.mp4,trial_truth_046.mp4,0,20,0.35431817173957825,0.19403547048568726,0.2549445927143097,0.30525702238082886,0.2865053713321686,0.0,0.36265403032302856,0.009531907737255096,0.4000000059604645,0.14352720975875854,0.3772304654121399,0.23057731986045837,0.4470425546169281,0.0,0.3992425799369812,0.6906565427780151,0.03638903424143791,0.06614499539136887,0.09542465209960938,0.3584316670894623
RealLifeDeceptionDetection.2016\Real-life_Deception_Detection_2016\Clips\Truthful\trial_truth_047.mp4,trial_truth_047.mp4,0,18,0.44239866733551025,0.2965366542339325,0.08494993299245834,0.3195641338825226,0.1940445899963379,0.0555555559694767,0.23354394733905792,0.008368212729692459,0.4444444477558136,0.15124309062957764,0.3646082282066345,0.21052616834640503,0.4264746606349945,0.1666666716337204,0.37814566493034363,0.3972412645816803,0.3507036864757538,0.09540926665067673,0.06701637804508209,0.11896124482154846
RealLifeDeceptionDetection.2016\Real-life_Deception_Detection_2016\Clips\Truthful\trial_truth_048.mp4,trial_truth_048.mp4,0,18,0.3715895116329193,0.22028937935829163,0.3962767720222473,0.2771013677120209,0.47109970450401306,0.1111111119389534,0.47309648990631104,0.07406463474035263,0.6666666865348816,0.4210852086544037,0.6341189742088318,0.4369342625141144,0.5433418154716492,0.0555555559694767,0.5426003932952881,0.6812101006507874,0.05934174731373787,0.1128772646188736,0.23788727819919586,0.5566330552101135
RealLifeDeceptionDetection.2016\Real-life_Deception_Detection_2016\Clips\Truthful\trial_truth_049.mp4,trial_truth_049.mp4,0,20,0.5486093759536743,0.26299774646759033,0.4079004228115082,0.4104699194431305,0.4167025089263916,0.3499999940395355,0.34096163511276245,0.45058751106262207,0.8999999761581421,0.486561119556427,0.5164932608604431,0.457540363073349,0.5535095930099487,0.0,0.38925981521606445,0.6019614338874817,0.7032568454742432,0.33092620968818665,0.23184601962566376,0.47361573576927185
RealLifeDeceptionDetection.2016\Real-life_Deception_Detection_2016\Clips\Truthful\trial_truth_050.mp4,trial_truth_050.mp4,0,32,0.476409375667572,0.27153146266937256,0.5088212490081787,0.31948167085647583,0.1685340255498886,0.15625,0.32225483655929565,0.19270366430282593,0.5625,0.12821480631828308,0.29669827222824097,0.5567069053649902,0.45314112305641174,0.28125,0.5506112575531006,0.4446445107460022,0.7208744287490845,0.36256957054138184,0.27334171533584595,0.38159841299057007
RealLifeDeceptionDetection.2016\Real-life_Deception_Detection_2016\Clips\Truthful\trial_truth_051.mp4,trial_truth_051.mp4,0,21,0.2722078859806061,0.16211895644664764,0.3283354341983795,0.3844276964664459,0.516937255859375,0.095238097012043,0.49666324257850647,0.24872654676437378,0.095238097012043,0.4346649646759033,0.4125001132488251,0.356491357088089,0.5115790367126465,0.0,0.21150624752044678,0.39025846123695374,0.37786349654197693,0.11372359842061996,0.15923388302326202,0.2832186222076416
RealLifeDeceptionDetection.2016\Real-life_Deception_Detection_2016\Clips\Truthful\trial_truth_052.mp4,trial_truth_052.mp4,0,20,0.4700208604335785,0.2550577223300934,0.46050500869750977,0.3421657085418701,0.15088799595832825,0.15000000596046448,0.41465869545936584,0.09997563064098358,0.15000000596046448,0.17233727872371674,0.30995839834213257,0.4283016324043274,0.4945914149284363,0.44999998807907104,0.5740957260131836,0.45675793290138245,0.6905487775802612,0.25062817335128784,0.13387173414230347,0.2739352583885193
RealLifeDeceptionDetection.2016\Real-life_Deception_Detection_2016\Clips\Truthful\trial_truth_053.mp4,trial_truth_053.mp4,0,20,0.43130040168762207,0.20675306022167206,0.20097669959068298,0.28731805086135864,0.253391295671463,0.4000000059604645,0.25171273946762085,0.03902584686875343,0.800000011920929,0.2978038191795349,0.4425334930419922,0.6312932968139648,0.4592515528202057,0.05000000074505806,0.4259255826473236,0.34756791591644287,0.6901893019676208,0.2957827150821686,0.1575184017419815,0.49939975142478943
RealLifeDeceptionDetection.2016\Real-life_Deception_Detection_2016\Clips\Truthful\trial_truth_054.mp4,trial_truth_054.mp4,0,20,0.39227885007858276,0.24261823296546936,0.19472089409828186,0.3668134808540344,0.4031828045845032,0.30000001192092896,0.5055744051933289,0.02071741782128811,0.75,0.49830150604248047,0.4337635934352875,0.20986516773700714,0.40581193566322327,0.0,0.32508641481399536,0.2151910811662674,0.4758850038051605,0.055992089211940765,0.038353193551301956,0.46877890825271606
RealLifeDeceptionDetection.2016\Real-life_Deception_Detection_2016\Clips\Truthful\trial_truth_055.mp4,trial_truth_055.mp4,0,20,0.3845129609107971,0.26723548769950867,0.15526828169822693,0.3699508309364319,0.20690219104290009,0.0,0.24010637402534485,0.1693209409713745,0.25,0.2002006471157074,0.47788572311401367,0.44939717650413513,0.41744667291641235,0.20000000298023224,0.5126414895057678,0.10727618634700775,0.8434432148933411,0.24947777390480042,0.05951746553182602,0.1676625907421112
RealLifeDeceptionDetection.2016\Real-life_Deception_Detection_2016\Clips\Truthful\trial_truth_056.mp4,trial_truth_056.mp4,0,20,0.380079448223114,0.266078919172287,0.17422671616077423,0.3755575716495514,0.23508909344673157,0.20000000298023224,0.36832255125045776,0.020298507064580917,0.699999988079071,0.2556368410587311,0.3685292601585388,0.3197983503341675,0.4249461591243744,0.05000000074505806,0.4661082625389099,0.16832979023456573,0.6311818361282349,0.1171724945306778,0.06101176142692566,0.27295544743537903
RealLifeDeceptionDetection.2016\Real-life_Deception_Detection_2016\Clips\Truthful\trial_truth_057.mp4,trial_truth_057.mp4,0,20,0.33888453245162964,0.22120387852191925,0.27777740359306335,0.3047789931297302,0.5366377234458923,0.10000000149011612,0.3904207944869995,0.2717404365539551,0.6000000238418579,0.5818886756896973,0.6026895642280579,0.7100217938423157,0.4385715126991272,0.0,0.4762997627258301,0.5642856955528259,0.3852273225784302,0.17048808932304382,0.2923022508621216,0.4838222563266754
RealLifeDeceptionDetection.2016\Real-life_Deception_Detection_2016\Clips\Truthful\trial_truth_058.mp4,trial_truth_058.mp4,0,20,0.4018716812133789,0.3182256817817688,0.15850430727005005,0.3692687451839447,0.25176864862442017,0.0,0.3022036552429199,0.0021671284921467304,0.0,0.2498290240764618,0.5258479714393616,0.5727571249008179,0.42446428537368774,0.0,0.3921923339366913,0.4846373498439789,0.24643146991729736,0.13825447857379913,0.12764021754264832,0.2727457880973816
RealLifeDeceptionDetection.2016\Real-life_Deception_Detection_2016\Clips\Truthful\trial_truth_059.mp4,trial_truth_059.mp4,0,20,0.3997156023979187,0.3373083174228668,0.11802816390991211,0.308834969997406,0.46896594762802124,0.15000000596046448,0.3664711117744446,0.04862497001886368,0.05000000074505806,0.5087141990661621,0.5812703371047974,0.47438159584999084,0.4596794545650482,0.0,0.4405587613582611,0.4771348536014557,0.186410054564476,0.12921302020549774,0.13585123419761658,0.38036590814590454
RealLifeDeceptionDetection.2016\Real-life_Deception_Detection_2016\Clips\Truthful\trial_truth_060.mp4,trial_truth_060.mp4,0,20,0.4125552177429199,0.15673448145389557,0.24587586522102356,0.29054996371269226,0.43544498085975647,0.8999999761581421,0.3382224440574646,0.4671449065208435,0.949999988079071,0.5585560202598572,0.6355534791946411,0.6940990090370178,0.4710250794887543,0.05000000074505806,0.5847857594490051,0.3489912748336792,0.7349086403846741,0.21809861063957214,0.13224084675312042,0.42168745398521423
